customer_age,claim_amount,claim_type,is_fraud
32,3822.95,water,0
72,2229.29,water,0
53,3745.64,water,0
31,1601.44,water,0
33,794.49,liability,0
26,7473.34,water,0
76,899.98,theft,0
39,870.84,fire,0
25,1841.67,fire,0
81,14013.69,liability,1
72,648.71,liability,0
72,1354.0,water,0
32,,theft,0
51,2241.16,fire,0
,2996.4,,0
64,1225.61,theft,0
34,654.4,fire,0
43,1302.72,theft,0
26,2572.98,theft,0
60,2283.94,water,0
78,27901.65,fire,1
77,696.98,water,0
75,1833.98,fire,0
30,3897.68,water,1
70,,liability,0
76,100.03,theft,0
55,2943.11,fire,0
38,583.52,water,0
49,3142.07,water,0
58,1390.41,fire,0
19,3553.28,liability,0
62,6198.12,water,0
85,4215.63,water,0
31,821.97,fire,0
,656.3,theft,0
,5558.52,fire,0
37,8733.3,water,1
23,1138.26,theft,1
37,4569.19,fire,0
46,6041.03,fire,0
42,251.65,liability,0
60,1406.32,water,0
83,,water,0
43,220.23,theft,0
56,3377.55,theft,0
,2932.13,fire,0
59,1623.14,liability,0
28,2373.73,theft,0
46,5145.02,fire,0
69,318.79,fire,0
46,12279.05,fire,0
35,58548.95,liability,1
75,4893.64,fire,0
84,2980.22,liability,0
28,836.4,fire,0
,969.09,liability,0
79,6521.79,water,0
46,940.87,liability,1
39,4142.2,liability,0
77,637.43,fire,0
71,6533.4,theft,0
26,1116.0,water,0
65,11917.91,fire,1
66,5611.24,liability,0
33,1396.1,water,0
80,1846.78,water,0
84,26207.81,theft,1
59,5249.29,fire,0
59,2136.44,fire,0
19,2036.47,fire,0
29,468.9,theft,0
72,1386.6,theft,0
41,859.81,fire,0
30,1278.04,fire,0
24,3253.95,theft,0
78,1948.45,liability,0
69,307.4,liability,0
49,2619.25,water,0
74,915.07,theft,0
45,,theft,1
78,716.05,theft,0
51,1665.73,fire,0
39,5584.17,theft,0
69,2211.88,theft,1
50,8576.19,water,0
23,1909.86,fire,0
80,2024.43,water,0
81,3516.47,theft,0
32,2061.17,liability,0
24,1394.27,fire,0
48,1801.56,fire,0
37,6298.96,liability,0
76,171.39,fire,0
71,10030.14,theft,0
80,1848.57,fire,0
42,2593.35,fire,0
66,3003.63,liability,0
30,757.49,liability,0
66,15252.89,theft,1
54,4665.28,fire,0
56,1252.59,water,0
39,2894.35,fire,0
50,7940.59,water,0
56,4028.24,liability,0
66,3210.37,theft,0
81,4082.37,theft,0
35,15628.12,water,1
29,1327.98,theft,0
82,4736.27,theft,0
61,2082.34,water,0
68,691.65,theft,0
51,918.79,liability,1
46,3407.01,water,0
22,825.68,theft,0
71,15003.72,fire,0
65,309.71,fire,0
63,1779.91,water,0
20,4231.99,water,0
44,4447.94,fire,0
36,3110.1,fire,0
48,730.84,theft,1
31,2491.51,liability,1
76,520.07,water,0
27,1543.3,water,0
66,1805.81,theft,1
45,1982.82,liability,0
72,3472.71,theft,1
29,7373.3,liability,0
63,1208.37,liability,0
65,6359.96,water,0
21,726.36,theft,0
36,2401.46,liability,0
28,1864.16,water,0
62,277.42,liability,0
25,15440.34,water,1
34,2374.64,liability,0
23,9549.9,liability,0
20,1771.28,theft,0
69,1704.02,water,0
32,6440.18,fire,0
36,598.14,theft,0
81,13600.43,liability,0
59,1915.61,theft,0
75,10755.71,water,0
23,11364.59,liability,1
75,2866.64,water,0
64,7118.3,theft,0
60,1140.29,water,0
37,6226.02,theft,0
28,2932.28,theft,0
85,3409.99,water,0
80,1281.84,fire,0
85,20897.69,water,1
39,644.57,liability,0
75,2403.05,fire,0
74,17734.69,liability,1
35,503.17,theft,0
33,1847.04,theft,0
62,1733.85,water,0
58,11641.0,water,0
35,2021.02,liability,0
85,865.27,liability,0
76,2614.25,water,0
63,2563.6,fire,0
82,1548.94,,0
26,604.76,theft,1
63,4238.6,theft,0
35,1396.15,water,0
42,720.84,theft,0
69,6659.39,liability,0
84,14661.41,theft,1
59,957.78,water,0
63,3198.77,liability,0
74,954.06,water,0
37,7525.8,liability,0
53,722.83,fire,0
45,1217.89,theft,1
58,4908.99,theft,0
40,2246.43,theft,0
65,7057.86,liability,0
79,30146.42,liability,1
84,2733.97,theft,0
33,1478.86,fire,0
54,683.78,water,0
82,3214.99,fire,0
23,4155.9,water,0
55,1901.11,theft,0
74,2134.65,liability,0
62,807.3,liability,0
49,833.4,fire,0
38,1172.68,theft,0
29,2923.02,liability,0
78,3333.78,theft,0
64,1484.9,water,0
53,2582.18,water,0
22,14316.65,fire,0
58,1368.06,fire,0
80,2113.71,theft,0
21,686.83,liability,0
79,2563.42,fire,0
32,663.49,fire,0
78,4598.25,water,0
40,6470.56,liability,0
51,1095.92,liability,0
54,4182.55,fire,0
54,2910.09,water,0
36,6367.89,theft,1
52,5419.11,fire,0
35,407.25,water,0
54,1493.27,theft,0
22,927.55,fire,0
41,2516.45,theft,0
81,6850.65,fire,0
50,627.96,fire,0
69,2272.66,liability,0
49,1291.02,water,0
19,5208.99,theft,1
82,5451.07,theft,0
79,1067.02,fire,0
49,2422.95,water,0
82,2557.3,fire,0
80,7585.98,water,1
77,4163.55,theft,0
62,2380.69,water,0
41,3400.77,fire,0
66,5579.66,water,0
,3651.47,fire,1
72,4615.61,liability,0
32,,water,0
30,1668.79,water,0
45,3007.97,water,0
84,1799.78,fire,0
72,674.72,liability,0
70,1450.05,fire,0
36,11224.59,liability,0
44,3554.39,theft,0
42,,fire,0
33,3941.69,liability,0
63,953.73,theft,0
58,1512.52,fire,0
71,907.04,theft,0
61,5342.76,theft,0
63,565.59,fire,0
85,2808.97,water,0
79,1891.85,liability,0
73,1047.97,fire,0
65,2012.34,liability,0
22,1701.22,water,0
73,4892.23,theft,1
78,2471.7,theft,0
68,1002.54,water,0
67,10982.27,fire,1
47,675.96,water,0
52,2153.77,liability,0
28,13125.12,theft,1
67,1697.57,theft,0
29,1690.41,fire,0
59,529.97,liability,0
49,3238.29,fire,0
53,454.56,liability,0
43,837.43,liability,0
60,475.11,liability,0
43,6869.63,liability,0
66,5401.29,theft,1
21,5776.29,liability,0
70,908.8,liability,0
75,2989.95,liability,0
64,905.59,water,0
69,8980.29,theft,1
46,1477.06,liability,0
79,4047.57,water,0
30,4427.21,liability,1
61,3176.88,water,0
72,1019.24,liability,0
43,2860.67,liability,0
26,6697.32,water,0
80,3387.98,theft,0
56,3394.45,water,0
67,3258.59,liability,0
40,2163.17,fire,0
19,11036.05,liability,0
80,4157.36,fire,0
81,2618.58,water,0
74,21530.76,fire,1
29,4346.73,liability,0
72,5575.54,fire,0
39,7056.39,theft,0
30,4542.31,fire,0
68,415.74,liability,0
29,2291.84,liability,0
18,4589.6,water,0
45,6653.59,liability,0
80,147.41,theft,0
39,1709.48,water,0
18,,fire,0
33,4176.83,liability,0
65,3644.62,,0
39,1596.54,liability,0
45,1413.25,water,0
54,12672.05,water,1
55,23409.57,water,1
27,2656.75,water,0
20,1727.96,water,0
37,917.69,theft,0
57,28839.43,liability,1
,5080.73,,1
81,2648.8,theft,0
52,4553.62,water,1
76,1120.85,theft,0
83,963.32,water,0
71,1308.07,fire,0
82,554.17,water,0
19,680.45,theft,0
81,5321.4,fire,0
62,13190.04,water,0
80,1487.63,water,0
76,2922.43,water,0
34,200.9,fire,0
75,1946.66,theft,1
77,4714.56,theft,0
36,1831.41,water,0
75,3919.5,fire,0
69,393.8,theft,0
74,4039.59,fire,0
68,1080.54,liability,0
49,2172.81,theft,0
85,6862.69,fire,0
80,9161.16,theft,1
53,6016.43,water,0
49,249.59,fire,0
67,1060.83,theft,0
63,2523.42,fire,0
80,,water,0
43,1584.27,fire,0
36,7795.63,water,0
35,4482.06,fire,0
63,10203.44,fire,0
18,2544.12,liability,0
31,18130.56,liability,1
50,3285.43,water,0
66,2411.17,theft,0
38,1317.59,liability,0
27,1571.6,water,0
42,7458.13,liability,0
24,4763.89,liability,0
79,923.52,fire,0
68,2089.79,liability,0
65,1946.39,fire,0
30,9934.4,water,0
67,12733.18,liability,1
22,726.22,fire,0
51,655.94,theft,0
19,1010.59,liability,0
31,683.95,water,0
69,504.25,water,0
65,573.67,water,0
47,580.8,fire,0
29,695.74,fire,0
25,1037.78,fire,0
43,1001.6,water,0
82,2878.84,liability,1
78,425.88,theft,0
24,1176.83,fire,0
,16350.46,liability,0
57,1790.71,theft,0
68,2862.75,water,0
53,5111.97,theft,0
48,3661.12,water,0
51,1186.0,liability,0
46,2395.1,liability,0
34,5303.16,theft,0
46,661.37,theft,0
24,2081.47,water,0
37,7982.05,fire,0
41,,water,0
39,2047.49,fire,0
79,2331.37,liability,1
57,559.87,fire,0
76,1535.6,theft,1
39,421.71,liability,0
50,2615.59,water,0
74,930.64,,0
71,3235.15,water,0
33,1157.45,theft,0
55,459.95,,0
29,12551.28,water,1
30,3483.53,theft,0
23,1051.64,theft,0
19,3095.94,fire,0
29,4278.05,theft,0
79,7764.54,liability,1
38,1553.08,water,0
63,2086.6,water,0
19,1234.38,fire,0
62,12551.31,liability,1
81,526.0,fire,0
66,1764.73,liability,0
20,1859.74,water,0
56,3596.48,fire,0
60,3959.05,,0
63,2516.62,theft,1
70,1307.36,water,0
42,699.81,theft,0
75,632.29,liability,0
79,3288.61,fire,0
59,1545.56,liability,0
55,4051.02,liability,0
58,563.79,fire,0
40,9981.41,theft,0
54,6688.8,liability,1
38,3192.57,theft,1
63,5698.09,liability,0
,7241.57,liability,0
74,6211.76,fire,0
55,386.13,liability,0
72,2469.11,theft,0
37,918.7,water,0
80,6080.68,theft,0
69,240.89,water,0
85,3725.01,liability,0
59,1442.55,liability,0
83,2138.43,liability,0
18,578.7,water,0
73,3642.78,water,0
50,2608.43,water,0
20,4184.43,liability,0
27,4466.95,theft,1
21,1037.17,liability,0
36,14325.61,theft,1
33,7347.29,water,0
70,1046.86,fire,0
24,2886.44,liability,0
60,346.8,theft,1
75,2943.8,theft,0
72,352.09,fire,0
79,1456.53,liability,0
53,5091.74,fire,0
82,7892.61,water,0
78,1641.93,fire,0
83,1547.39,water,0
39,1973.58,fire,0
79,1181.38,theft,0
67,3027.21,liability,0
66,9681.24,theft,1
69,,theft,0
74,850.51,fire,0
33,1774.54,fire,0
70,1333.79,water,0
36,2316.97,water,0
54,641.85,water,0
36,3401.88,fire,0
26,1735.82,fire,1
37,8961.67,water,0
18,2345.05,liability,1
66,3986.72,theft,0
,3195.73,,0
84,2331.45,water,0
72,913.49,theft,0
44,2702.77,liability,0
62,6525.96,liability,0
69,8410.14,theft,0
29,1955.53,fire,0
67,3321.49,liability,0
81,10235.7,liability,1
39,1099.39,water,0
68,2999.53,liability,0
62,6624.54,theft,0
51,1847.71,fire,0
50,3537.22,theft,0
21,3275.15,,0
51,1203.39,fire,0
58,711.53,theft,0
43,1175.01,fire,0
28,5055.78,liability,0
81,803.69,theft,0
24,2036.55,liability,0
33,3573.48,liability,0
51,1587.9,fire,0
69,1813.08,theft,0
48,4723.62,,0
71,3572.29,liability,0
24,970.41,liability,0
60,,theft,0
43,6971.25,fire,0
28,3176.79,liability,0
71,1041.78,liability,0
52,5365.33,liability,0
48,9308.38,theft,1
51,1728.12,fire,0
39,639.12,water,0
52,2603.78,liability,0
57,2120.21,theft,1
19,2605.78,water,0
80,508.62,liability,0
42,7077.76,liability,0
46,321.61,theft,0
52,3805.22,theft,0
32,,liability,0
20,,fire,0
19,956.37,liability,0
22,965.12,theft,0
50,4193.73,liability,0
22,1646.82,fire,0
57,255.94,theft,0
56,1715.4,fire,0
19,7450.7,fire,0
78,1733.16,fire,0
25,1647.55,water,0
62,1031.89,liability,0
80,2837.65,fire,0
38,2433.32,water,0
82,3050.34,liability,0
67,2397.5,fire,0
32,2304.56,water,0
80,443.82,fire,0
50,1234.17,water,0
28,11067.17,liability,0
52,25035.62,water,1
47,717.39,liability,0
71,6495.29,water,0
41,2260.88,liability,0
59,1465.55,theft,0
,1424.29,theft,0
,1421.96,fire,0
53,608.02,fire,0
50,687.84,theft,0
40,13360.91,liability,0
66,207.79,water,0
19,442.2,liability,0
37,2544.99,water,0
78,2470.11,water,0
79,2079.99,fire,0
27,4454.95,theft,0
62,1035.64,fire,1
74,573.82,fire,0
28,3800.85,water,0
61,1173.54,water,0
51,6055.81,liability,0
25,406.69,theft,0
52,13330.91,theft,1
58,8460.83,liability,0
20,879.29,water,0
63,2925.66,theft,0
67,1080.06,water,0
47,1305.42,liability,0
44,3428.83,fire,0
35,6300.88,liability,0
36,1719.05,water,0
53,3774.61,fire,0
47,1895.21,fire,0
46,518.95,water,0
74,24812.22,liability,0
66,111.76,theft,0
22,1366.65,water,0
23,2380.11,liability,0
54,981.52,liability,0
75,3397.18,water,0
70,1992.98,theft,0
50,13440.85,theft,1
85,2776.25,liability,0
37,4772.11,fire,0
75,2823.78,theft,1
76,8397.08,liability,1
78,1867.89,liability,0
44,1630.97,water,1
29,980.57,water,0
76,1280.11,theft,0
55,283.44,liability,0
25,2331.88,water,0
72,836.76,theft,0
81,1157.19,liability,0
44,,liability,0
54,,theft,0
61,6017.81,liability,1
79,9312.54,liability,0
60,5071.12,liability,0
58,449.74,water,0
53,1419.88,water,0
32,3691.16,theft,1
75,1098.85,theft,1
74,898.47,water,0
30,530.34,fire,0
29,2080.63,theft,0
57,1509.36,fire,0
37,3408.53,fire,0
54,973.66,fire,0
24,1774.89,water,0
75,378.98,theft,0
77,3220.88,fire,0
46,11127.47,fire,0
59,2158.28,liability,0
62,2259.61,fire,0
56,1652.28,liability,0
61,8238.77,fire,0
48,2988.51,fire,0
77,3755.56,theft,1
66,2145.66,theft,1
18,3657.52,fire,0
58,8857.51,theft,1
62,3182.09,water,0
24,15463.75,water,1
68,4071.05,theft,0
67,4401.05,theft,0
20,4627.41,fire,0
71,15668.53,liability,1
46,1939.1,fire,0
64,3282.41,water,0
53,2347.26,liability,0
,16503.52,theft,1
60,1446.3,liability,0
51,3736.15,water,0
21,2143.21,theft,1
53,562.62,theft,0
48,693.24,liability,0
37,4622.26,liability,0
62,5991.55,water,0
47,3700.24,liability,0
75,3062.99,liability,0
52,300.92,theft,0
48,,,0
26,1602.44,water,0
22,2744.03,water,0
33,366.89,water,0
41,3461.76,water,0
53,5955.08,liability,0
25,240.92,liability,0
68,2921.74,fire,0
74,2600.14,theft,0
22,580.64,liability,0
80,1092.92,,0
79,13041.64,water,0
29,10099.43,theft,1
40,1254.21,water,0
74,1027.11,fire,0
57,3137.82,liability,0
23,3751.64,liability,0
27,4867.43,water,1
34,444.92,water,0
31,2155.11,water,0
69,281.69,theft,0
23,1602.06,fire,0
74,,fire,1
29,1047.05,theft,0
84,192.94,liability,0
29,1320.93,theft,0
82,1873.67,fire,0
78,410.19,liability,0
60,5716.56,liability,0
59,446.18,liability,0
70,1679.1,fire,0
76,1765.49,fire,0
34,3135.86,water,0
61,11759.78,fire,0
47,1608.78,water,0
19,3781.32,liability,0
37,1905.33,water,0
68,12727.91,liability,1
70,902.57,fire,0
76,10139.13,water,1
77,6074.0,water,1
44,3014.14,water,0
24,1516.92,water,0
44,619.41,fire,0
46,1564.18,theft,0
80,1979.61,water,0
26,7632.39,fire,1
31,620.85,fire,0
55,12793.79,liability,1
55,3367.31,fire,0
85,1869.69,liability,0
65,1389.74,theft,0
40,1143.6,fire,0
44,738.79,water,0
81,2593.36,fire,0
36,1616.86,liability,0
21,2860.06,liability,0
85,17533.58,fire,1
29,1024.21,liability,0
36,1545.95,liability,0
29,4461.84,fire,0
72,493.82,liability,0
,13567.21,water,0
40,9639.73,liability,1
23,,,0
51,1927.4,theft,0
49,894.74,water,0
73,3357.93,theft,0
51,2602.05,fire,0
64,740.28,liability,0
30,3975.45,fire,0
64,2418.91,water,0
70,833.33,theft,0
85,,water,0
64,,fire,0
46,4508.56,fire,0
32,445.59,water,0
25,920.41,liability,0
44,959.19,fire,0
62,688.06,theft,0
19,223.83,fire,1
78,3351.36,theft,0
72,2301.39,fire,0
81,4880.79,theft,1
57,998.83,liability,0
78,2173.27,theft,0
69,904.0,water,0
47,3772.44,liability,0
69,1989.22,theft,0
31,943.17,water,0
26,1178.92,liability,0
84,4143.33,liability,0
20,673.02,water,0
56,2171.37,fire,0
78,2506.36,liability,0
63,1608.59,theft,1
21,1543.37,theft,0
48,12983.59,,1
59,1351.79,water,0
20,1565.54,theft,0
61,2253.42,liability,0
81,7769.99,water,0
46,5353.12,water,0
72,1662.9,fire,0
58,1814.7,fire,0
84,2611.02,fire,0
73,2345.13,water,0
73,353.42,liability,0
38,,theft,0
57,123.95,liability,0
21,4394.29,theft,0
20,8202.55,water,0
29,2752.49,liability,0
48,4370.36,water,0
72,1053.81,fire,0
80,3248.86,theft,0
36,2064.76,theft,0
24,1109.09,fire,0
48,264.83,liability,0
48,15296.49,theft,0
28,2029.45,liability,0
38,2245.69,theft,0
21,,water,0
57,2556.16,theft,0
34,4617.63,liability,0
59,913.32,theft,0
46,4341.21,water,0
39,1640.44,water,0
33,4289.3,water,0
44,454.03,fire,0
54,1742.59,fire,0
49,3304.91,theft,1
68,7748.99,fire,0
60,2044.22,fire,0
23,726.96,water,0
23,964.24,fire,0
85,1101.24,liability,0
64,4976.75,liability,0
80,7616.27,fire,0
41,2077.62,water,0
74,2035.2,theft,0
54,21980.41,fire,0
18,1890.66,fire,0
33,,liability,0
79,2985.02,liability,0
75,4543.6,theft,0
29,,liability,0
67,497.18,liability,0
57,1689.98,fire,0
52,653.69,liability,0
83,5347.01,theft,0
77,3470.22,liability,0
23,2278.18,water,0
28,311.99,water,0
56,2905.93,theft,0
41,260.97,fire,0
18,998.3,liability,0
80,1061.62,theft,0
19,533.99,fire,0
,1168.53,water,0
74,1557.98,liability,0
24,21475.61,theft,1
80,1353.37,liability,1
71,386.95,liability,0
42,1557.98,liability,0
77,1599.56,fire,0
38,498.52,fire,0
30,9910.04,liability,0
51,3190.02,theft,0
32,954.65,fire,0
52,2696.5,fire,0
32,7614.71,water,0
39,961.82,water,0
64,4122.89,,1
78,1420.24,theft,0
49,5560.99,fire,0
76,8653.0,theft,0
61,1052.35,theft,0
37,8922.82,water,0
58,4021.24,theft,0
74,1800.66,theft,0
34,807.81,theft,0
51,5008.15,fire,0
,8720.72,theft,0
47,785.08,theft,0
49,1088.81,water,0
70,654.39,water,0
69,10252.33,liability,0
71,1097.74,fire,0
33,2040.53,fire,0
70,483.56,water,0
56,1967.19,theft,1
54,273.59,fire,1
79,6846.21,theft,0
35,8509.97,liability,1
70,1034.73,liability,0
29,5067.14,fire,0
28,12140.53,fire,0
82,4237.9,water,0
59,2980.61,liability,0
85,1767.49,theft,0
29,1262.44,fire,0
25,1672.91,theft,0
33,281.85,water,0
32,540.01,theft,0
20,2763.27,theft,1
70,311.08,liability,0
49,13084.4,liability,1
39,1314.02,water,0
83,2577.92,theft,0
53,810.99,liability,0
,1335.5,theft,0
18,625.91,liability,0
27,1983.68,water,0
19,,water,0
63,357.91,fire,0
64,3459.65,water,0
82,1095.35,liability,0
,3793.82,water,0
50,497.0,liability,0
70,574.1,theft,0
24,10249.93,theft,1
21,9168.15,fire,1
30,1846.31,water,0
31,1117.77,liability,0
74,3680.13,water,0
26,1938.77,fire,0
70,3259.12,fire,0
,2372.36,liability,0
42,3031.64,fire,0
23,474.7,water,0
36,1935.64,fire,0
36,182.8,water,0
43,974.19,water,0
60,1869.64,theft,0
18,4110.77,fire,0
,826.06,fire,1
36,1673.54,theft,0
54,1149.03,fire,0
40,3605.28,theft,0
48,10569.82,theft,0
26,4129.35,water,0
49,6592.31,water,0
53,5100.29,fire,0
83,7440.43,liability,0
65,4592.96,liability,0
22,1207.47,fire,0
38,1393.94,theft,0
23,2279.47,liability,0
52,512.65,liability,0
82,1016.52,water,0
35,1672.89,theft,0
37,407.8,liability,0
77,1637.57,liability,0
74,618.85,liability,0
72,9480.5,liability,0
35,3953.79,fire,0
68,2375.35,water,0
29,483.82,fire,0
26,1361.64,liability,0
39,6294.56,theft,1
26,993.02,liability,0
,2238.3,fire,0
69,3621.07,fire,0
54,415.56,liability,0
71,524.27,fire,0
30,3153.73,liability,0
26,7266.67,fire,0
82,,theft,0
77,1413.01,liability,0
35,3809.68,theft,0
74,2060.04,fire,0
33,391.17,liability,1
22,1989.45,fire,0
31,3973.08,liability,0
,,theft,1
26,12245.85,fire,0
59,57340.88,fire,1
59,542.46,fire,0
70,5525.81,theft,0
39,3632.0,theft,0
79,1072.11,water,0
19,948.99,fire,0
81,973.69,theft,0
74,880.64,theft,0
54,387.48,water,0
49,,fire,0
26,638.51,fire,0
77,1077.1,theft,0
43,7320.05,theft,0
,26255.42,liability,1
56,2465.12,fire,0
79,,water,0
65,1668.55,liability,0
27,4283.53,liability,0
67,3765.4,liability,1
36,56688.7,theft,1
38,3982.46,water,0
72,4708.66,fire,0
57,4085.71,liability,0
57,4487.13,water,0
35,2107.67,fire,0
41,1452.0,fire,0
66,1233.79,water,0
25,519.08,theft,1
80,6727.93,liability,0
48,3482.89,theft,1
76,465.78,liability,0
65,4004.59,liability,0
59,13538.32,water,0
80,16182.19,liability,1
30,1423.2,liability,0
82,778.7,water,0
32,3189.32,liability,0
73,1157.28,water,0
80,4721.61,water,0
61,6737.67,liability,0
51,1475.08,water,0
65,437.71,fire,0
34,5343.61,fire,0
36,359.46,theft,0
33,1776.72,theft,0
60,4503.33,fire,0
40,3852.88,liability,0
68,1715.24,theft,0
54,4737.7,fire,0
24,2024.11,theft,1
45,5505.77,fire,0
72,4160.05,fire,0
48,2074.47,liability,0
29,13228.51,liability,1
,2088.4,water,0
53,4091.32,water,0
,4110.69,theft,0
85,3194.29,liability,0
33,16942.77,fire,1
44,852.88,fire,0
39,1031.99,liability,0
63,5742.15,fire,1
45,2761.48,fire,0
50,269.05,theft,0
36,953.51,fire,0
37,9814.48,theft,1
32,1551.38,,0
66,1749.99,fire,0
80,2606.75,water,0
39,7745.29,theft,1
69,2734.57,liability,0
52,16148.23,water,1
76,1877.88,fire,0
47,2849.34,theft,0
27,2652.36,fire,0
35,2182.1,,0
42,7595.65,water,0
85,27883.1,water,1
83,8473.26,theft,1
,1100.17,water,0
57,459.08,water,0
69,502.57,theft,0
80,395.23,water,0
41,668.01,theft,0
63,867.82,fire,0
43,614.03,liability,0
,3923.08,liability,0
61,1884.54,liability,0
83,349.86,fire,0
43,14238.27,liability,0
37,744.34,,0
43,6055.51,water,0
72,593.8,liability,0
71,1596.39,fire,0
,1577.47,theft,1
60,4222.53,theft,0
44,3859.2,liability,1
42,2493.91,liability,0
23,680.89,fire,0
62,1615.41,theft,0
82,1005.07,water,0
42,2168.41,liability,0
67,2784.79,,1
83,2260.72,liability,0
33,800.01,fire,0
35,1257.7,theft,0
51,1473.33,fire,0
46,45259.9,theft,1
66,12529.57,theft,1
68,1567.89,fire,0
76,4260.53,fire,0
57,3280.59,fire,0
,3449.7,water,0
32,7873.36,water,1
19,4073.59,water,0
74,1171.31,fire,0
20,838.08,water,0
21,1907.2,fire,0
32,1167.9,liability,0
33,12282.5,theft,1
37,2981.49,theft,0
51,1084.18,water,0
32,6586.19,liability,1
58,1442.0,liability,0
49,1673.25,liability,0
71,,fire,1
35,691.44,water,0
36,169.75,liability,0
66,3963.33,water,1
,1090.69,water,0
41,11600.02,liability,0
19,4094.51,theft,1
76,9353.76,theft,0
84,603.33,liability,0
27,1975.24,liability,0
72,1421.23,fire,0
38,346.92,water,0
22,2849.23,fire,0
19,2209.54,theft,0
60,,liability,0
79,1444.67,water,0
45,3826.5,fire,0
61,4631.39,liability,0
67,612.71,fire,0
19,4279.96,fire,0
76,987.92,theft,1
76,4959.64,theft,0
64,672.9,theft,0
58,653.49,theft,0
25,4818.47,fire,0
27,1545.94,fire,0
77,3923.68,water,0
78,724.7,water,0
66,7134.31,water,0
72,1317.85,theft,1
75,2511.59,liability,0
61,911.96,theft,0
73,11467.98,theft,0
36,10879.96,,0
76,2205.28,fire,0
75,4179.86,fire,0
39,1192.45,liability,0
64,1352.54,water,0
70,502.47,liability,0
76,1357.4,liability,0
73,6904.01,theft,0
55,240.96,liability,0
62,,liability,0
46,686.74,theft,0
18,2504.2,liability,0
68,3067.98,fire,0
67,1730.66,fire,0
33,10711.13,liability,0
,1653.61,water,0
28,3965.66,liability,0
66,3218.99,theft,0
31,1856.57,water,0
81,5398.88,theft,1
27,3693.83,fire,0
19,4641.25,fire,0
18,2321.68,fire,0
37,1072.69,fire,0
79,7284.76,fire,0
83,5803.33,liability,0
31,1072.51,theft,0
52,3777.95,theft,0
26,2314.99,liability,0
63,515.55,liability,0
58,3544.16,water,0
54,2326.53,fire,0
27,3839.95,liability,0
23,1892.66,theft,0
54,12243.88,water,0
69,14403.91,water,1
58,3033.94,liability,0
33,20917.49,theft,1
18,324.73,water,0
66,2598.45,theft,0
70,4037.95,liability,0
79,3867.98,fire,0
27,4327.98,water,0
58,6233.59,theft,0
67,8079.39,liability,0
57,,water,0
75,629.5,theft,0
52,309.95,theft,0
53,2288.97,liability,0
22,847.37,theft,0
68,4236.05,water,0
54,543.89,water,0
48,1570.5,,0
78,1562.23,liability,0
63,2918.43,liability,0
55,2326.36,fire,0
,981.73,liability,0
,266.61,liability,0
36,2197.51,theft,0
42,16553.19,liability,0
51,6588.05,theft,0
84,4245.67,theft,0
32,2195.46,water,0
38,2155.63,theft,0
33,2164.49,water,0
54,222.17,fire,0
63,9636.46,fire,0
56,817.79,theft,0
50,1845.76,fire,0
41,510.92,liability,0
63,,liability,0
29,2931.63,fire,0
,4542.5,water,0
76,831.89,water,0
79,4497.98,theft,0
84,57132.24,fire,1
57,8894.2,water,0
84,1361.31,water,1
56,2134.04,liability,0
74,1605.21,water,0
43,2106.62,liability,0
67,1585.3,water,0
56,22727.77,water,1
77,406.34,liability,0
26,3336.57,fire,0
53,6819.8,theft,0
82,862.17,theft,0
23,4528.97,water,0
47,4169.32,fire,0
,1881.23,water,0
75,389.44,liability,0
46,4601.06,fire,0
30,5242.78,fire,0
85,1129.19,liability,0
35,1669.09,water,0
,2203.21,water,0
50,3210.38,liability,0
84,1838.54,theft,0
51,551.81,water,0
60,1353.94,water,0
22,3409.91,theft,1
23,437.91,water,0
47,4029.78,,0
79,1618.2,water,0
33,1499.56,,0
70,16524.68,water,1
62,1323.54,fire,0
63,1921.95,fire,0
52,4373.3,theft,1
53,1224.9,water,0
,1430.12,fire,0
67,836.23,theft,0
44,852.7,liability,0
21,8112.56,theft,0
72,7190.57,water,0
77,2946.92,liability,0
48,5839.46,fire,0
55,2507.0,theft,0
19,831.66,,0
19,639.96,liability,0
28,10082.25,theft,0
51,391.51,liability,0
22,21361.52,fire,1
51,8138.28,theft,1
32,1130.87,water,0
54,6570.1,fire,0
55,5851.39,fire,0
62,1342.01,fire,0
27,5117.15,fire,0
78,1494.98,liability,0
64,1634.38,fire,0
64,1321.28,water,0
71,4388.59,fire,0
35,4773.57,theft,1
81,887.71,fire,0
73,1453.88,water,0
61,4167.06,water,0
55,8005.69,liability,0
37,2848.93,water,0
53,892.07,water,0
72,1413.59,theft,0
44,2385.74,liability,0
53,885.37,liability,0
47,,theft,0
42,1973.61,water,0
74,4941.73,fire,0
